{"stats":{"minecraft:custom":{"minecraft:jump":11,"minecraft:time_since_rest":770,"minecraft:damage_dealt":40,"minecraft:leave_game":1,"minecraft:sprint_one_cm":3746,"minecraft:play_time":770,"minecraft:time_since_death":770,"minecraft:walk_one_cm":2862,"minecraft:total_world_time":770,"minecraft:mob_kills":1,"minecraft:fall_one_cm":267,"minecraft:fly_one_cm":2006},"minecraft:picked_up":{"minecraft:feather":2,"minecraft:chicken":1,"minecraft:wheat_seeds":2},"minecraft:mined":{"minecraft:grass":12},"minecraft:killed":{"minecraft:chicken":1}},"DataVersion":3465}