{"stats":{"minecraft:mined":{"minecraft:grass":48,"minecraft:grass_block":6,"minecraft:oak_log":1,"minecraft:dead_bush":1,"minecraft:dirt":6,"minecraft:tall_grass":27,"minecraft:azalea":1,"minecraft:sugar_cane":1,"minecraft:oak_leaves":4},"minecraft:killed_by":{"cobblemon:pokemon":1},"minecraft:picked_up":{"minecraft:stick":2,"patchouli:guide_book":6,"minecraft:leather":4,"minecraft:wheat_seeds":9,"minecraft:porkchop":2,"minecraft:beef":2,"minecraft:azalea":1,"minecraft:oak_log":2,"minecraft:oak_sapling":2,"minecraft:sugar_cane":8,"minecraft:mutton":4,"minecraft:dirt":24,"minecraft:white_wool":6},"minecraft:killed":{"minecraft:sheep":2,"cobblemon:pokemon":1,"minecraft:cow":1},"minecraft:used":{"minecraft:dirt":5,"minecraft:mutton":2,"minecraft:beef":2,"minecraft:porkchop":2},"minecraft:custom":{"minecraft:time_since_rest":4263,"minecraft:damage_taken":660,"minecraft:play_time":23626,"minecraft:sprint_one_cm":110471,"minecraft:deaths":2,"minecraft:walk_one_cm":52848,"minecraft:walk_under_water_one_cm":2020,"minecraft:mob_kills":4,"minecraft:jump":393,"minecraft:damage_dealt":1006,"minecraft:leave_game":4,"minecraft:time_since_death":4214,"minecraft:walk_on_water_one_cm":5928,"minecraft:total_world_time":23626,"minecraft:swim_one_cm":22573,"minecraft:fall_one_cm":10669,"minecraft:fly_one_cm":48137}},"DataVersion":3465}