{"stats":{"minecraft:used":{"minecraft:dirt":1},"minecraft:mined":{"minecraft:grass":4,"minecraft:grass_block":1,"minecraft:dirt":2},"minecraft:custom":{"minecraft:jump":52,"minecraft:time_since_rest":5838,"minecraft:damage_dealt":159,"minecraft:leave_game":2,"minecraft:play_time":5838,"minecraft:sprint_one_cm":11114,"minecraft:damage_taken":220,"minecraft:time_since_death":5838,"minecraft:walk_one_cm":5036,"minecraft:total_world_time":5838,"minecraft:mob_kills":2,"minecraft:fall_one_cm":1509,"minecraft:fly_one_cm":6861},"minecraft:picked_up":{"minecraft:mutton":2,"minecraft:dirt":3,"minecraft:white_wool":2},"minecraft:killed":{"minecraft:sheep":2}},"DataVersion":3465}