{"stats":{"minecraft:killed":{"minecraft:sheep":2},"minecraft:mined":{"minecraft:grass":23,"minecraft:oak_log":1,"minecraft:grass_block":6,"minecraft:dirt":6,"minecraft:tall_grass":8,"minecraft:sugar_cane":1,"minecraft:oak_leaves":4},"minecraft:picked_up":{"patchouli:guide_book":3,"minecraft:wheat_seeds":4,"minecraft:oak_log":1,"minecraft:oak_sapling":1,"minecraft:sugar_cane":4,"minecraft:mutton":4,"minecraft:dirt":17,"minecraft:white_wool":4},"minecraft:custom":{"minecraft:time_since_rest":5413,"minecraft:sprint_one_cm":55442,"minecraft:play_time":14561,"minecraft:walk_one_cm":24377,"minecraft:damage_taken":450,"minecraft:deaths":1,"minecraft:walk_under_water_one_cm":172,"minecraft:mob_kills":2,"minecraft:jump":179,"minecraft:damage_dealt":422,"minecraft:leave_game":3,"minecraft:walk_on_water_one_cm":4443,"minecraft:time_since_death":5384,"minecraft:total_world_time":14561,"minecraft:swim_one_cm":7041,"minecraft:fall_one_cm":5881,"minecraft:fly_one_cm":21547},"minecraft:used":{"minecraft:mutton":2,"minecraft:dirt":5}},"DataVersion":3465}