{"stats":{"minecraft:used":{"minecraft:dirt":16,"minecraft:mutton":2,"minecraft:beef":7,"minecraft:porkchop":2},"minecraft:picked_up":{"minecraft:stick":3,"patchouli:guide_book":6,"minecraft:leather":4,"minecraft:porkchop":2,"minecraft:oak_log":2,"cobblemon:persim_berry":5,"minecraft:dirt":30,"minecraft:rotten_flesh":1,"minecraft:wheat_seeds":10,"minecraft:beef":7,"minecraft:azalea":1,"minecraft:poppy":1,"minecraft:oak_sapling":2,"minecraft:sugar_cane":12,"minecraft:mutton":4,"minecraft:white_wool":6},"minecraft:custom":{"minecraft:time_since_rest":15747,"minecraft:sprint_one_cm":117187,"minecraft:damage_taken":820,"minecraft:walk_one_cm":90013,"minecraft:mob_kills":7,"minecraft:damage_dealt":1370,"minecraft:swim_one_cm":22573,"minecraft:fly_one_cm":49715,"minecraft:play_time":35110,"minecraft:deaths":2,"minecraft:walk_under_water_one_cm":8412,"minecraft:jump":510,"minecraft:leave_game":5,"minecraft:walk_on_water_one_cm":9438,"minecraft:time_since_death":15698,"minecraft:total_world_time":35110,"minecraft:fall_one_cm":11623},"minecraft:killed":{"minecraft:sheep":2,"cobblemon:pokemon":1,"minecraft:cow":3},"minecraft:mined":{"cobblemon:persim_berry":1,"minecraft:grass":53,"minecraft:grass_block":7,"minecraft:oak_log":1,"minecraft:poppy":1,"minecraft:dead_bush":2,"minecraft:dirt":11,"minecraft:tall_grass":36,"minecraft:azalea":1,"minecraft:sugar_cane":3,"minecraft:oak_leaves":4},"minecraft:killed_by":{"cobblemon:pokemon":1}},"DataVersion":3465}